epoch,loss,val_loss
0,0.5914692282676697,0.7186703681945801
1,0.5283586382865906,0.7030938267707825
2,0.5027679800987244,0.7155578136444092
3,0.47203516960144043,0.7330582141876221
4,0.4576784372329712,0.708674967288971
5,0.4418591558933258,0.5992791652679443
