epoch,loss,val_loss
0,0.7420370578765869,1.166693091392517
1,0.5795125961303711,0.8879721164703369
2,0.5100984573364258,0.6969088912010193
3,0.4227481782436371,1.1137737035751343
4,0.314659982919693,0.6821525692939758
5,0.21088342368602753,0.6406535506248474
6,0.09806356579065323,1.0924689769744873
7,0.05674910172820091,0.8684733510017395
8,0.042666852474212646,0.9290173649787903
9,0.027928311377763748,1.023664951324463
