epoch,loss,val_loss
0,0.551779568195343,0.5300734639167786
1,0.4838348627090454,0.6804422736167908
2,0.45480090379714966,0.48301568627357483
3,0.42788007855415344,0.49212202429771423
4,0.3961467146873474,0.4837696850299835
5,0.3705815374851227,0.4804556369781494
