epoch,loss,val_loss
0,0.6288514733314514,0.6948955059051514
1,0.5686554908752441,0.7044928669929504
2,0.542975127696991,9.502555847167969
3,0.529644250869751,0.9815709590911865
4,0.5277608036994934,0.7213324904441833
5,0.5288063287734985,0.7091700434684753
