epoch,loss,val_loss
0,0.7218952178955078,0.691624641418457
1,0.6069784760475159,0.6996110081672668
2,0.5348459482192993,0.6590558290481567
3,0.5132124423980713,0.5540629029273987
4,0.4679684638977051,0.5841732621192932
5,0.4539268910884857,0.5323642492294312
