epoch,loss,val_loss
0,0.7088403105735779,0.760547935962677
1,0.55967777967453,0.7112244367599487
2,0.5287826061248779,0.8475276827812195
3,0.5184655785560608,0.8054403066635132
4,0.485988974571228,0.738859236240387
5,0.4679962694644928,0.7038607597351074
6,0.444661021232605,0.7230104207992554
7,0.41602760553359985,0.6589428186416626
