epoch,loss,val_loss
0,0.5814766883850098,0.6295717358589172
1,0.5149436593055725,0.6248042583465576
2,0.4931148886680603,0.4906289279460907
3,0.4742697477340698,0.47924113273620605
4,0.45226341485977173,0.47528669238090515
5,0.44223955273628235,0.4706362783908844
