epoch,loss,val_loss
0,0.625779390335083,0.7880803346633911
1,0.5486533045768738,1.4808801412582397
2,0.5017422437667847,0.7401082515716553
3,0.4747011065483093,0.6845203042030334
4,0.43202996253967285,33.7784538269043
5,0.36309105157852173,2.6748478412628174
6,0.28990674018859863,0.6961968541145325
7,0.23647457361221313,0.5599639415740967
