epoch,loss,val_loss
0,0.6755321025848389,0.6936182379722595
1,0.5744946599006653,0.788044810295105
2,0.5203597545623779,0.7731770277023315
3,0.4841483533382416,0.7408736944198608
4,0.4509076476097107,0.7622987627983093
5,0.4200543463230133,0.768708348274231
