epoch,loss,val_loss
0,0.7476793527603149,0.6947556138038635
1,0.7289234399795532,0.6933966875076294
2,0.7408615350723267,0.6933889985084534
3,0.7391036152839661,0.6932173371315002
4,0.7301526069641113,0.6931487917900085
5,0.7281031608581543,0.693122386932373
