epoch,loss,val_loss
0,0.6710720062255859,1.9429404735565186
1,0.4637075364589691,1.510364055633545
2,0.37438368797302246,1.1975730657577515
3,0.1856781244277954,1.1904277801513672
4,0.08703320473432541,1.0646336078643799
5,0.03752797469496727,0.8395709991455078
6,0.012534230947494507,0.9664872288703918
7,0.005840410944074392,0.9682256579399109
8,0.004357710015028715,0.9958194494247437
9,0.003525214735418558,1.0017716884613037
