epoch,loss,val_loss
0,0.7526571154594421,0.696723222732544
1,0.6975877285003662,0.6947841048240662
2,0.7219874858856201,0.6940892338752747
3,0.7111727595329285,0.6938623785972595
4,0.7053089737892151,0.6662054657936096
5,0.6621758341789246,0.7037959694862366
6,0.643947958946228,0.6021112203598022
7,0.629676342010498,0.5702759027481079
8,0.5991180539131165,0.5832386612892151
9,0.5990296006202698,0.552734911441803
10,0.5936892628669739,0.54634028673172
11,0.5835593938827515,0.5424323678016663
