epoch,loss,val_loss
0,0.5690088272094727,0.7012885808944702
1,0.528249204158783,0.7774290442466736
2,0.5086747407913208,2.0734245777130127
3,0.4953940510749817,0.9053009152412415
4,0.4895980656147003,0.7600644826889038
5,0.4891894459724426,0.6460734009742737
