epoch,loss,val_loss
0,0.5880110263824463,0.6463276743888855
1,0.5195857882499695,0.5587397217750549
2,0.496255099773407,0.537389874458313
3,0.4752900004386902,0.4845910966396332
4,0.45603305101394653,0.4824084937572479
5,0.4490276873111725,0.4730148911476135
