epoch,loss,val_loss
0,0.6433503031730652,0.7628716230392456
1,0.547942578792572,0.8585963249206543
2,0.5228140354156494,0.8568871021270752
3,0.49516820907592773,1.0669978857040405
4,0.4760441482067108,0.8160313367843628
5,0.43880513310432434,0.7927379608154297
6,0.4034934937953949,0.6978550553321838
7,0.37566572427749634,0.5199471712112427
