epoch,loss,val_loss
0,0.5094394087791443,0.5338746905326843
1,0.4423340857028961,0.48977744579315186
2,0.3783194422721863,0.5792208313941956
3,0.25745701789855957,0.5151423811912537
4,0.13540993630886078,0.5836247801780701
5,0.09200847148895264,0.5564360022544861
