epoch,loss,val_loss
0,0.5482242703437805,0.6952285170555115
1,0.48696306347846985,0.7170926332473755
2,0.46089768409729004,0.8440807461738586
3,0.413961261510849,0.8830749988555908
4,0.3397469222545624,0.7154696583747864
5,0.22968769073486328,0.7031288146972656
6,0.1260686069726944,0.7225664258003235
7,0.061188120394945145,0.7518408298492432
8,0.03453875333070755,0.8502375483512878
9,0.03211764246225357,0.986033022403717
