epoch,loss,val_loss
0,0.5963812470436096,1.008340835571289
1,0.5300792455673218,0.8512521386146545
2,0.4875101149082184,0.7212737202644348
3,0.4666292369365692,0.7765390276908875
4,0.42917492985725403,0.5544305443763733
5,0.3931715190410614,0.7484245300292969
